Gx+D29A1:D482,Gy,Gz,Label,,Gx,Gy,Gz,,,Gx,Gy,Gz,,,Gx,Gy,Gz,,,Gx,Gy,Gz,,,Gx,Gy,Gz,
"-13,19","-8,82","131,11",atas,,,,,,,,,,,,,,,,,34.69,-132.64,30.96,depan,,25.8,135.39,0.58,belakang
"-11,97","-8,58","129,71",atas,,,,,,,,,,,,,,,,,46.41,-121.74,33.86,depan,,6.69,126.75,4.52,belakang
"-13,07","-7,63","129,31",atas,,,,,,,,,,,,,,,,,38.72,-121.95,29.98,depan,,11.15,121.89,4.09,belakang
"-12,43","-8,67","129,25",atas,,,,,,,,,,,,,,,,,39.66,-123.76,36.64,depan,,3.82,117.59,-8.89,belakang
"-13,37","-8,37","129,56",atas,,,,,,,,,,,,,,,,,54.53,-115.18,34.78,depan,,-4.49,128.79,-1.62,belakang
"-13,40","-6,47","128,34",atas,,,,,,,,,,,,,,,,,28.98,-125.22,24.15,depan,,-5.53,117.28,-2.56,belakang
"-12,40","-7,60","128,58",atas,,,,,,,,,,,,,,,,,23.97,-128.18,19.88,depan,,-5.86,118.72,-2.53,belakang
"-12,58","-7,36","129,04",atas,,,,,,,,,,,,,,,,,30.72,-128.24,17.22,depan,,-4.43,128.18,1.86,belakang
"-12,27","-7,94","129,56",atas,,,,,,,,,,,,,,,,,12.58,-126.99,7.11,depan,,1.5,120.24,3.51,belakang
"-9,95","-10,96","131,08",atas,,,,,,,,,,,,,,,,,13.71,-129.89,8.4,depan,,0.55,120.85,0.79,belakang
"62,20","-24,31","107,21",atas,,,,,,,,,,,,,,,,,8.43,-130.5,7.21,depan,,2.53,120.09,4.46,belakang
"-5,25","-46,11","120,79",atas,,,,,,,,,,,,,,,,,13.74,-125.5,7.33,depan,,3.11,125.22,3.27,belakang
"-12,27","-9,31","130,20",atas,,,,,,,,,,,,,,,,,2.47,-130.69,2.63,depan,,4.37,121.62,-0.31,belakang
"-12,85","-8,40","128,67",atas,,,,,,,,,,,,,,,,,-3.3,-125.22,5.25,depan,,7.21,114.69,0.34,belakang
"-13,89","-8,40","128,89",atas,,,,,,,,,,,,,,,,,-4.64,-126.63,5.89,depan,,7.63,129.95,-4.15,belakang
"-9,25","-8,15","129,34",atas,,,,,,,,,,,,,,,,,4.82,-130.32,6.84,depan,,7.54,117.22,0.76,belakang
"-8,06","-11,73","128,40",atas,,,,,,,,,,,,,,,,,5.16,-129.92,9.22,depan,,9.71,118.56,-7.57,belakang
"-7,66","-10,08","129,71",atas,,,,,,,,,,,,,,,,,11.11,-131.6,8.52,depan,,7.45,127.69,-2.69,belakang
"-7,69","-10,29","129,62",atas,,,,,,,,,,,,,,,,,22.69,-137.01,0.89,depan,,9.5,122.9,-2.69,belakang
"-8,82","-9,47","129,50",atas,,,,,,,,,,,,,,,,,11.82,-126.53,0.92,depan,,9.04,117.25,-3.76,belakang
"-9,56","-9,95","129,92",atas,,,,,,,,,,,,,,,,,10.44,-123.85,4.92,depan,,9.04,132.92,2.38,belakang
"-9,92","-9,95","128,79",atas,,,,,,,,,,,,,,,,,7.76,-138.26,3.42,depan,,2.75,121.8,7.42,belakang
"-8,61","-10,44","130,08",atas,,,,,,,,,,,,,,,,,0.34,-118.63,-14.08,depan,,0.92,115.39,1.28,belakang
"-9,44","-9,44","130,75",atas,,,,,,,,,,,,,,,,,-1.8,-119.66,-13.59,depan,,-0.82,131.48,-1.22,belakang
"-10,11","-9,56","129,68",atas,,,,,,,,,,,,,,,,,-5.86,-121.98,-27.3,depan,,8.34,124.64,2.9,belakang
"-8,12","-9,13","130,84",atas,,,,,,,,,,,,,,,,,-0.89,-133.1,-16.67,depan,,10.99,121.62,1.13,belakang
"-24,27","-16,61","126,66",atas,,,,,,,,,,,,,,,,,-5.83,-119.63,-8.79,depan,,8.18,129.56,3.51,belakang
"-2,69","-11,27","136,09",atas,,,,,,,,,,,,,,,,,-0.27,-127.27,-2.17,depan,,6.14,124.85,15.21,belakang
"-10,78","-9,50","130,26",atas,,,,,,,,,,,,,,,,,4.67,-129.5,6.47,depan,,-0.27,114.14,14.23,belakang
"-10,20","-10,23","129,22",atas,,,,,,,,,,,,,,,,,-2.2,-123.54,5.37,depan,,1.47,123.63,7.27,belakang
"-10,41","-9,74","129,68",atas,,,,,,,,,,,,,,,,,1.07,-126.32,4.55,depan,,3.69,129.19,11.63,belakang
"-10,32","-11,05","129,86",atas,,,,,,,,,,,,,,,,,10.47,-136.73,3.91,depan,,6.02,116.61,11.48,belakang
"-10,20","-9,40","128,06",atas,,,,,,,,,,,,,,,,,5.28,-126.5,13.47,depan,,7.54,124.43,6.29,belakang
"-16,27","-5,83","131,02",atas,,,,,,,,,,,,,,,,,9.4,-125.1,19.36,depan,,6.05,128.31,10.6,belakang
"-13,04","-6,11","129,10",atas,,,,,,,,,,,,,,,,,15.57,-137.37,15.21,depan,,9.04,117.37,20.15,belakang
"-13,65","-6,69","130,66",atas,,,,,,,,,,,,,,,,,7.02,-127.39,2.87,depan,,13.53,118.81,23.48,belakang
"-13,77","-7,69","129,10",atas,,,,,,,,,,,,,,,,,6.75,-122.29,11.11,depan,,12.52,124,20.37,belakang
"-13,34","-7,24","129,47",atas,,,,,,,,,,,,,,,,,5.74,-132.37,3.05,depan,,10.87,117.1,18.5,belakang
"-14,02","-7,63","129,86",atas,,,,,,,,,,,,,,,,,4.67,-128.09,-0.15,depan,,12.09,121.95,12.85,belakang
"-13,68","-7,05","128,79",atas,,,,,,,,,,,,,,,,,10.29,-128.76,8.64,depan,,15.54,123.66,19.05,belakang
"-14,20","-7,11","129,50",atas,,,,,,,,,,,,,,,,,10.05,-132.79,11.88,depan,,20.12,121.44,16.61,belakang
"-13,56","-6,38","129,10",atas,,,,,,,,,,,,,,,,,10.72,-129.44,7.79,depan,,22.08,122.02,17.77,belakang
"-14,90","-6,53","129,04",atas,,,,,,,,,,,,,,,,,6.9,-119.94,9.56,depan,,23.73,118.72,18.53,belakang
"-13,25","-7,48","128,73",atas,,,,,,,,,,,,,,,,,7.57,-130.87,-2.56,depan,,25.04,120.98,18.99,belakang
"-14,35","-4,79","127,91",atas,,,,,,,,,,,,,,,,,7.63,-127.21,-3.85,depan,,24.49,123.85,18.02,belakang
"-14,32","-7,05","129,16",atas,,,,,,,,,,,,,,,,,9.8,-121.37,5.31,depan,,22.35,118.69,16.31,belakang
"-13,25","-6,93","129,34",atas,,,,,,,,,,,,,,,,,9.71,-132.06,1.83,depan,,24.98,120.37,16.03,belakang
"-13,44","-6,23","128,58",atas,,,,,,,,,,,,,,,,,9.53,-128,-5.19,depan,,23.88,124.15,19.11,belakang
"-12,95","-6,84","130,32",atas,,,,,,,,,,,,,,,,,10.69,-119.97,8.31,depan,,25.47,119.69,18.75,belakang
"-13,80","-7,21","128,92",atas,,,,,,,,,,,,,,,,,11.82,-135.08,-4.43,depan,,27.36,119.36,18.87,belakang
"-14,02","-6,81","130,26",atas,,,,,,,,,,,,,,,,,12.58,-126.41,-0.43,depan,,23.69,124.03,19.54,belakang
"-12,82","-8,49","130,26",atas,,,,,,,,,,,,,,,,,17.71,-122.69,4.43,depan,,24.18,119.11,18.87,belakang
"-12,61","-6,63","128,92",atas,,,,,,,,,,,,,,,,,16.18,-130.29,-10.69,depan,,19.85,122.5,17.47,belakang
"-13,47","-6,96","128,58",atas,,,,,,,,,,,,,,,,,18.08,-131.15,-11.15,depan,,8.49,117.16,29.74,belakang
"-12,34","-5,92","130,02",atas,,,,,,,,,,,,,,,,,14.69,-119.88,7.08,depan,,9.07,117.77,16.31,belakang
"-9,89","-10,17","129,71",atas,,,,,,,,,,,,,,,,,16.43,-125.04,-3.94,depan,,5.53,120.46,16.98,belakang
"-10,66","-10,26","128,76",atas,,,,,,,,,,,,,,,,,19.45,-135.94,-14.08,depan,,6.05,126.38,11.02,belakang
"-10,32","-11,73","127,27",atas,,,,,,,,,,,,,,,,,14.38,-119.63,6.84,depan,,7.69,119.24,10.38,belakang
"-10,47","-9,98","129,28",atas,,,,,,,,,,,,,,,,,18.05,-121.16,-5.37,depan,,7.69,120.95,8.76,belakang
"-9,98","-9,80","129,13",atas,,,,,,,,,,,,,,,,,26.96,-145.01,-11.15,depan,,4.89,123.73,9.1,belakang
"-9,77","-9,50","129,31",atas,,,,,,,,,,,,,,,,,15.02,-125.1,-1.98,depan,,6.23,121.37,7.51,belakang
"-9,62","-10,23","130,35",atas,,,,,,,,,,,,,,,,,12.31,-117.53,6.38,depan,,8.52,119.6,5.95,belakang
"-9,31","-10,50","129,62",atas,,,,,,,,,,,,,,,,,18.35,-133.53,0.49,depan,,6.75,124.67,7.91,belakang
"-11,45","-9,01","130,56",atas,,,,,,,,,,,,,,,,,14.6,-127.88,-2.5,depan,,8.82,121.25,8.67,belakang
"-9,86","-9,44","129,86",atas,,,,,,,,,,,,,,,,,12.12,-118.99,11.42,depan,,10.38,120.52,9.77,belakang
"-10,53","-10,14","129,83",atas,,,,,,,,,,,,,,,,,17.16,-136.43,-1.25,depan,,8.98,124.98,9.95,belakang
"-9,01","-9,50","129,47",atas,,,,,,,,,,,,,,,,,11.51,-128.12,-5.62,depan,,12.34,121.1,8.55,belakang
"-9,53","-9,53","129,47",atas,,,,,,,,,,,,,,,,,13.04,-120.92,17.07,depan,,12.18,120.43,10.29,belakang
"-9,68","-9,92","128,82",atas,,,,,,,,,,,,,,,,,15.91,-135.15,0.89,depan,,10.72,126.6,12.64,belakang
"-11,45","-9,07","129,77",atas,,,,,,,,,,,,,,,,,13.86,-131.79,-4.79,depan,,13.44,120.43,10.6,belakang
"-11,88","-9,16","129,80",atas,,,,,,,,,,,,,,,,,11.45,-119.05,11.15,depan,,11.85,118.87,9.16,belakang
"-9,19","-10,05","127,54",atas,,,,,,,,,,,,,,,,,14.47,-125.71,3.94,depan,,10.99,125.04,8.27,belakang
"-10,78","-10,11","130,50",atas,,,,,,,,,,,,,,,,,20.06,-136.15,-1.62,depan,,12.73,122.44,10.14,belakang
"-12,43","-9,01","131,15",atas,,,,,,,,,,,,,,,,,13.37,-125.1,-1.44,depan,,12.76,117.37,9.59,belakang
"-10,78","-10,72","129,34",atas,,,,,,,,,,,,,,,,,14.63,-124.85,8.95,depan,,11.51,126.17,9.47,belakang
"-11,76","-10,23","129,83",atas,,,,,,,,,,,,,,,,,18.44,-138.72,0.67,depan,,11.54,120.03,8.85,belakang
"-9,98","-9,04","129,34",atas,,,,,,,,,,,,,,,,,11.51,-129.04,-4.64,depan,,13.19,121.34,7.45,belakang
"-9,92","-9,92","128,76",atas,,,,,,,,,,,,,,,,,10.99,-121.62,11.05,depan,,11.85,125.01,9.4,belakang
"-11,08","-9,83","129,07",atas,,,,,,,,,,,,,,,,,13.4,-136.58,7.18,depan,,13.83,120.31,8.46,belakang
"-10,63","-9,74","128,46",atas,,,,,,,,,,,,,,,,,7.73,-127.42,0.55,depan,,13.74,119.54,8.12,belakang
"-10,26","-9,98","130,32",atas,,,,,,,,,,,,,,,,,7.94,-121.25,13.44,depan,,13.28,127.3,10.17,belakang
"-8,85","-8,61","127,24",atas,,,,,,,,,,,,,,,,,13.98,-141.19,3.39,depan,,12.31,122.41,9.07,belakang
"-10,11","-9,80","130,08",atas,,,,,,,,,,,,,,,,,8.85,-127.97,1.5,depan,,14.32,122.53,6.2,belakang
"-10,78","-9,65","129,19",atas,,,,,,,,,,,,,,,,,5.4,-117.1,15.33,depan,,10.47,124.03,8.34,belakang
"-10,72","-10,17","129,89",atas,,,,,,,,,,,,,,,,,9.83,-138.38,3.73,depan,,13.31,122.63,7.02,belakang
"-11,05","-8,82","127,94",atas,,,,,,,,,,,,,,,,,9.01,-128.61,2.93,depan,,14.23,119.27,4.15,belakang
"-11,42","-9,34","128,49",atas,,,,,,,,,,,,,,,,,9.28,-119.18,19.57,depan,,12.46,121.98,7.66,belakang
"-11,42","-7,63","128,70",atas,,,,,,,,,,,,,,,,,11.27,-134.44,5.62,depan,,14.5,120.92,7.11,belakang
"-10,93","-9,34","128,55",atas,,,,,,,,,,,,,,,,,9.04,-131.3,-0.82,depan,,15.11,118.56,8.43,belakang
"-17,77","-6,66","131,63",atas,,,,,,,,,,,,,,,,,7.33,-118.87,9.22,depan,,11.82,126.05,5.95,belakang
"-10,99","-9,56","129,53",atas,,,,,,,,,,,,,,,,,11.57,-128.67,-0.67,depan,,12.06,125.44,9.28,belakang
"-10,60","-9,16","130,20",atas,,,,,,,,,,,,,,,,,18.14,-138.44,-0.12,depan,,11.48,118.32,7.6,belakang
"-10,81","-8,61","132,09",atas,,,,,,,,,,,,,,,,,4.61,-121.77,6.23,depan,,10.9,126.5,7.3,belakang
"-9,31","-9,74","129,68",atas,,,,,,,,,,,,,,,,,10.29,-121.28,9.62,depan,,11.24,122.66,10.5,belakang
"-9,68","-10,44","129,47",atas,,,,,,,,,,,,,,,,,18.81,-139.66,6.5,depan,,13.44,118.23,6.93,belakang
"-10,87","-10,90","129,56",atas,,,,,,,,,,,,,,,,,7.6,-127.11,4.61,depan,,9.86,127.08,9.04,belakang
"-9,98","-10,26","128,76",atas,,,,,,,,,,,,,,,,,8.67,-118.23,18.9,depan,,12,124.49,11.97,belakang
"-9,89","-9,95","129,62",atas,,,,,,,,,,,,,,,,,14.08,-139.27,7.76,depan,,15.08,118.75,7.39,belakang
"0,95","-2,14","130,29",atas,,,,,,,,,,,,,,,,,10.29,-131.3,-3.57,depan,,11.21,123.73,6.75,belakang
"-24,21","-1,22","124,46",atas,,,,,,,,,,,,,,,,,9.22,-117.59,23.08,depan,,13.28,124.7,8.4,belakang
"-14,17","-10,84","128,64",atas,,,,,,,,,,,,,,,,,10.72,-135.48,8.03,depan,,11.82,123.02,9.74,belakang
"-22,38","-12,64","130,29",atas,,,,,,,,,,,,,,,,,12.55,-133.01,-2.53,depan,,12.7,121.5,8.34,belakang
"-10,63","-1,74","132,43",atas,,,,,,,,,,,,,,,,,9.95,-117.22,17.47,depan,,12.98,124.43,11.08,belakang
"-4,09","-13,86","130,96",atas,,,,,,,,,,,,,,,,,13.01,-132.12,6.08,depan,,11.66,124.34,10.11,belakang
3.79,-3.48,130.96,bawah,,,,,,,,,,,,,,,,,11.54,-132.55,-5.1,depan,,12.03,125.25,8.7,belakang
49.74,-22.84,-115.21,bawah,,,,,,,,,,,,,,,,,8.27,-119.36,10.17,depan,,12.4,125.22,10.53,belakang
40.4,-13.16,-126.41,bawah,,,,,,,,,,,,,,,,,13.31,-128,7.08,depan,,12.61,120.82,8.73,belakang
36.76,-22.66,-118.14,bawah,,,,,,,,,,,,,,,,,18.6,-137.62,0.98,depan,,11.24,121.68,6.5,belakang
46.44,-12.92,-114.17,bawah,,,,,,,,,,,,,,,,,6.29,-124.67,2.32,depan,,12.4,123.02,5.53,belakang
54.84,-21.25,-115.24,bawah,,,,,,,,,,,,,,,,,10.5,-124.15,12.7,depan,,11.6,122.75,7.76,belakang
48.09,-28.46,-111.08,bawah,,,,,,,,,,,,,,,,,18.78,-137.5,11.69,depan,,12.27,122.99,9.07,belakang
45.95,-25.92,-111.54,bawah,,,,,,,,,,,,,,,,,7.82,-127.05,5.07,depan,,12.09,123.05,8.55,belakang
43.79,-26.93,-115.51,bawah,,,,,,,,,,,,,,,,,9.4,-118.96,21.07,depan,,12.82,121.59,8.4,belakang
29.25,0.82,-120.61,bawah,,,,,,,,,,,,,,,,,12.92,-136.73,14.47,depan,,12.43,122.66,8.21,belakang
37.22,3.02,-128.43,bawah,,,,,,,,,,,,,,,,,11.33,-132.79,0.85,depan,,12.58,122.69,8.24,belakang
28.31,-8.85,-122.17,bawah,,,,,,,,,,,,,,,,,13.22,-118.75,23.05,depan,,13.16,122.9,9.92,belakang
36.67,-3.63,-121.65,bawah,,,,,,,,,,,,,,,,,11.63,-133.34,10.96,depan,,12.06,121.31,10.87,belakang
19.6,8.55,-127.45,bawah,,,,,,,,,,,,,,,,,13.07,-134.69,0.15,depan,,12.37,122.66,10.26,belakang
29.22,11.97,-120.18,bawah,,,,,,,,,,,,,,,,,8.98,-120.37,13.74,depan,,12.06,122.26,10.38,belakang
18.66,6.99,-121.47,bawah,,,,,,,,,,,,,,,,,10.6,-124.03,5.16,depan,,12.4,122.6,11.63,belakang
22.14,11.08,-121.92,bawah,,,,,,,,,,,,,,,,,16.21,-133.83,10.72,depan,,12.89,122.75,10.32,belakang
20.15,9.71,-121.4,bawah,,,,,,,,,,,,,,,,,6.47,-122.41,5.56,depan,,11.82,124.49,10.63,belakang
24.37,11.91,-121.47,bawah,,,,,,,,,,,,,,,,,11.18,-123.54,13.47,depan,,11.79,121.95,10.6,belakang
39.73,-14.11,-104.67,bawah,,,,,,,,,,,,,,,,,15.73,-137.16,13.59,depan,,12.82,123.45,9.47,belakang
33.59,-15.15,-119.66,bawah,,,,,,,,,,,,,,,,,10.75,-129.68,1.16,depan,,12.37,123.36,9.34,belakang
30.84,-2.96,-120.67,bawah,,,,,,,,,,,,,,,,,9.8,-117.53,24.58,depan,,12.85,122.53,10.08,belakang
47.21,-5.28,-120.27,bawah,,,,,,,,,,,,,,,,,10.05,-133.13,19.15,depan,,11.97,122.47,10.2,belakang
22.35,-7.51,-118.02,bawah,,,,,,,,,,,,,,,,,13.37,-132.18,4.64,depan,,11.82,122.02,10.08,belakang
26.29,3.18,-118.96,bawah,,,,,,,,,,,,,,,,,10.81,-118.05,20.31,depan,,12.85,122.81,9.95,belakang
25.44,-11.91,-119.05,bawah,,,,,,,,,,,,,,,,,13.07,-128.89,9.56,depan,,12.27,122.05,12.06,belakang
21.5,-14.44,-122.17,bawah,,,,,,,,,,,,,,,,,14.02,-132.7,5.16,depan,,12.82,123.51,11.39,belakang
21.56,-12.67,-120.43,bawah,,,,,,,,,,,,,,,,,12.55,-125.25,10.23,depan,,13.04,123.69,10.41,belakang
19.57,-7.82,-122.23,bawah,,,,,,,,,,,,,,,,,12.73,-124.55,11.88,depan,,12.98,122.6,10.72,belakang
22.05,2.29,-124.76,bawah,,,,,,,,,,,,,,,,,15.42,-133.4,6.9,depan,,10.99,122.99,10.32,belakang
25.31,-4.31,-121.44,bawah,,,,,,,,,,,,,,,,,9.83,-125.71,10.78,depan,,13.16,123.08,9.74,belakang
16.95,-6.81,-122.63,bawah,,,,,,,,,,,,,,,,,12.89,-121.59,8.55,depan,,12.95,122.6,10.78,belakang
45.04,1.47,-116.24,bawah,,,,,,,,,,,,,,,,,17.74,-136.09,13.31,depan,,12.85,121.68,10.9,belakang
42.32,1.56,-118.14,bawah,,,,,,,,,,,,,,,,,11.21,-129.25,5.95,depan,,12.49,123.6,10.38,belakang
41.83,2.23,-116.67,bawah,,,,,,,,,,,,,,,,,13.25,-119.57,22.11,depan,,13.19,122.47,11.18,belakang
39.6,-3.24,-120.73,bawah,,,,,,,,,,,,,,,,,15.69,-136.49,11.05,depan,,13.01,122.75,11.15,belakang
31.73,-5.62,-120.92,bawah,,,,,,,,,,,,,,,,,9.37,-128.49,3.76,depan,,12.85,123.88,11.02,belakang
33.16,-1.86,-123.33,bawah,,,,,,,,,,,,,,,,,,,,,,,,,
30.75,-2.53,-119.54,bawah,,,,,,,,,,,,,,,,,,,,,,,,,
32.46,-4.79,-121.37,bawah,,,,,,,,,,,,,,,,,,,,,,,,,
31.15,-4.95,-121.31,bawah,,,,,,,,,,,,,,,,,,,,,,,,,
32.61,-3.6,-122.81,bawah,,,,,,,,,,,,,,,,,,,,,,,,,
30.81,-5.95,-119.6,bawah,,,,,,,,,,,,,,,,,,,,,,,,,
39.51,-0.46,-122.14,bawah,,,,,,,,,,,,,,,,,,,,,,,,,
34.56,-3.05,-120.46,bawah,,,,,,,,,,,,,,,,,,,,,,,,,
29.77,-7.57,-118.63,bawah,,,,,,,,,,,,,,,,,,,,,,,,,
37.25,1.86,-117.98,bawah,,,,,,,,,,,,,,,,,,,,,,,,,
16.7,4.98,-114.47,bawah,,,,,,,,,,,,,,,,,,,,,,,,,
36.92,-1.8,-118.02,bawah,,,,,,,,,,,,,,,,,,,,,,,,,
39.97,-0.89,-118.32,bawah,,,,,,,,,,,,,,,,,,,,,,,,,
37.31,-4.67,-121.04,bawah,,,,,,,,,,,,,,,,,,,,,,,,,
51.45,-3.33,-111.08,bawah,,,,,,,,,,,,,,,,,,,,,,,,,
32.12,-4.73,-121.01,bawah,,,,,,,,,,,,,,,,,,,,,,,,,
38.72,-20.64,-118.02,bawah,,,,,,,,,,,,,,,,,,,,,,,,,
42.41,-6.81,-118.47,bawah,,,,,,,,,,,,,,,,,,,,,,,,,
35.48,-10.75,-117.86,bawah,,,,,,,,,,,,,,,,,,,,,,,,,
36.18,-22.81,-117.25,bawah,,,,,,,,,,,,,,,,,,,,,,,,,
26.05,-24.58,-117.53,bawah,,,,,,,,,,,,,,,,,,,,,,,,,
21.37,-20.37,-122.08,bawah,,,,,,,,,,,,,,,,,,,,,,,,,
21.28,-20.4,-119.94,bawah,,,,,,,,,,,,,,,,,,,,,,,,,
18.26,-20.76,-118.38,bawah,,,,,,,,,,,,,,,,,,,,,,,,,
16.31,-22.63,-121.92,bawah,,,,,,,,,,,,,,,,,,,,,,,,,
14.23,-20.49,-122.41,bawah,,,,,,,,,,,,,,,,,,,,,,,,,
5.65,-24.92,-122.02,bawah,,,,,,,,,,,,,,,,,,,,,,,,,
42.93,0.43,-114.47,bawah,,,,,,,,,,,,,,,,,,,,,,,,,
37.5,1.1,-116.4,bawah,,,,,,,,,,,,,,,,,,,,,,,,,
39.51,-3.6,-117.37,bawah,,,,,,,,,,,,,,,,,,,,,,,,,
35.18,-6.69,-117.71,bawah,,,,,,,,,,,,,,,,,,,,,,,,,
34.53,-9.77,-119.48,bawah,,,,,,,,,,,,,,,,,,,,,,,,,
43.24,-2.14,-117.68,bawah,,,,,,,,,,,,,,,,,,,,,,,,,
51.36,2.75,-136,bawah,,,,,,,,,,,,,,,,,,,,,,,,,
23.08,-12.55,-122.93,bawah,,,,,,,,,,,,,,,,,,,,,,,,,
25.34,-9.44,-123.94,bawah,,,,,,,,,,,,,,,,,,,,,,,,,
45.68,-6.9,-116.18,bawah,,,,,,,,,,,,,,,,,,,,,,,,,
64.27,-7.36,-107.97,bawah,,,,,,,,,,,,,,,,,,,,,,,,,
44.06,22.23,-114.96,bawah,,,,,,,,,,,,,,,,,,,,,,,,,
35.08,3.45,-119.82,bawah,,,,,,,,,,,,,,,,,,,,,,,,,
41.31,9.34,-116.85,bawah,,,,,,,,,,,,,,,,,,,,,,,,,
21.5,-5.5,-122.6,bawah,,,,,,,,,,,,,,,,,,,,,,,,,
24.67,-5.59,-117.65,bawah,,,,,,,,,,,,,,,,,,,,,,,,,
31.91,-7.69,-132.31,bawah,,,,,,,,,,,,,,,,,,,,,,,,,
28.73,-6.11,-130.96,bawah,,,,,,,,,,,,,,,,,,,,,,,,,
33.59,-12.7,-113.31,bawah,,,,,,,,,,,,,,,,,,,,,,,,,
20.76,-15.24,-113.07,bawah,,,,,,,,,,,,,,,,,,,,,,,,,
22.08,-11.18,-126.53,bawah,,,,,,,,,,,,,,,,,,,,,,,,,
24.85,1.5,-115.85,bawah,,,,,,,,,,,,,,,,,,,,,,,,,
27.6,-15.63,-127.88,bawah,,,,,,,,,,,,,,,,,,,,,,,,,
19.73,-19.82,-122.26,bawah,,,,,,,,,,,,,,,,,,,,,,,,,
20.58,-22.56,-126.63,bawah,,,,,,,,,,,,,,,,,,,,,,,,,
35.66,-3.48,-113.31,bawah,,,,,,,,,,,,,,,,,,,,,,,,,
28.09,-10.17,-119.15,bawah,,,,,,,,,,,,,,,,,,,,,,,,,
4.46,6.05,-128.73,bawah,,,,,,,,,,,,,,,,,,,,,,,,,
29.74,14.08,-121.68,bawah,,,,,,,,,,,,,,,,,,,,,,,,,
17.8,10.44,-118.38,bawah,,,,,,,,,,,,,,,,,,,,,,,,,
23.66,1.34,-117.59,bawah,,,,,,,,,,,,,,,,,,,,,,,,,
32.64,11.11,-116.73,bawah,,,,,,,,,,,,,,,,,,,,,,,,,
29.16,11.08,-122.69,bawah,,,,,,,,,,,,,,,,,,,,,,,,,
20.06,-19.02,-119.82,bawah,,,,,,,,,,,,,,,,,,,,,,,,,
32.52,-10.17,-119.3,bawah,,,,,,,,,,,,,,,,,,,,,,,,,
17.13,-12.76,-121.92,bawah,,,,,,,,,,,,,,,,,,,,,,,,,
24.85,-6.9,-117.13,bawah,,,,,,,,,,,,,,,,,,,,,,,,,
27.08,5.44,-127.63,bawah,,,,,,,,,,,,,,,,,,,,,,,,,
15.11,-9.22,-126.66,bawah,,,,,,,,,,,,,,,,,,,,,,,,,
13.95,-5.13,-119.69,bawah,,,,,,,,,,,,,,,,,,,,,,,,,
126.56,1.4,37.68,kiri,,,,,,,,,,,,,,,,,,,,,,,,,
123.24,1.44,40.46,kiri,,,,,,,,,,,,,,,,,,,,,,,,,
127.88,-0.76,37.71,kiri,,,,,,,,,,,,,,,,,,,,,,,,,
125.28,0.85,39.73,kiri,,,,,,,,,,,,,,,,,,,,,,,,,
123.94,-0.52,39.51,kiri,,,,,,,,,,,,,,,,,,,,,,,,,
126.78,-2.6,36.95,kiri,,,,,,,,,,,,,,,,,,,,,,,,,
125.01,-1.1,34.81,kiri,,,,,,,,,,,,,,,,,,,,,,,,,
123.82,-0.58,38.17,kiri,,,,,,,,,,,,,,,,,,,,,,,,,
128.98,-2.44,34.6,kiri,,,,,,,,,,,,,,,,,,,,,,,,,
126.66,0.21,34.93,kiri,,,,,,,,,,,,,,,,,,,,,,,,,
125.25,-1.53,37.56,kiri,,,,,,,,,,,,,,,,,,,,,,,,,
127.73,0.31,34.02,kiri,,,,,,,,,,,,,,,,,,,,,,,,,
124.49,1.22,37.71,kiri,,,,,,,,,,,,,,,,,,,,,,,,,
125.62,0.31,36.7,kiri,,,,,,,,,,,,,,,,,,,,,,,,,
124.27,0.64,35.73,kiri,,,,,,,,,,,,,,,,,,,,,,,,,
125.62,-0.12,36.61,kiri,,,,,,,,,,,,,,,,,,,,,,,,,
125.31,0.24,36.67,kiri,,,,,,,,,,,,,,,,,,,,,,,,,
125.89,-0.27,35.54,kiri,,,,,,,,,,,,,,,,,,,,,,,,,
126.05,0.46,37.25,kiri,,,,,,,,,,,,,,,,,,,,,,,,,
125.95,0.12,37.16,kiri,,,,,,,,,,,,,,,,,,,,,,,,,
128.06,0.27,36.79,kiri,,,,,,,,,,,,,,,,,,,,,,,,,
123.05,0.58,39.85,kiri,,,,,,,,,,,,,,,,,,,,,,,,,
124.21,-1.68,38.23,kiri,,,,,,,,,,,,,,,,,,,,,,,,,
126.9,-0.52,37.86,kiri,,,,,,,,,,,,,,,,,,,,,,,,,
123.08,-0.15,41.13,kiri,,,,,,,,,,,,,,,,,,,,,,,,,
124.21,0.61,41.07,kiri,,,,,,,,,,,,,,,,,,,,,,,,,
124.76,-0.7,39.57,kiri,,,,,,,,,,,,,,,,,,,,,,,,,
125.71,0.21,38.08,kiri,,,,,,,,,,,,,,,,,,,,,,,,,
124.52,-1.25,39.18,kiri,,,,,,,,,,,,,,,,,,,,,,,,,
125.4,1.56,39.3,kiri,,,,,,,,,,,,,,,,,,,,,,,,,
122.96,0.92,40.95,kiri,,,,,,,,,,,,,,,,,,,,,,,,,
124.98,3.66,39.51,kiri,,,,,,,,,,,,,,,,,,,,,,,,,
124.92,4.58,38.78,kiri,,,,,,,,,,,,,,,,,,,,,,,,,
125.77,3.08,39.51,kiri,,,,,,,,,,,,,,,,,,,,,,,,,
123.27,3.11,41.62,kiri,,,,,,,,,,,,,,,,,,,,,,,,,
122.87,4.06,40.43,kiri,,,,,,,,,,,,,,,,,,,,,,,,,
122.53,6.41,40.52,kiri,,,,,,,,,,,,,,,,,,,,,,,,,
123.45,3.69,39.66,kiri,,,,,,,,,,,,,,,,,,,,,,,,,
126.08,6.2,36.89,kiri,,,,,,,,,,,,,,,,,,,,,,,,,
127.27,2.17,37.71,kiri,,,,,,,,,,,,,,,,,,,,,,,,,
124,5.22,37.28,kiri,,,,,,,,,,,,,,,,,,,,,,,,,
125.44,3.82,37.25,kiri,,,,,,,,,,,,,,,,,,,,,,,,,
124.76,5.07,36.43,kiri,,,,,,,,,,,,,,,,,,,,,,,,,
125.77,3.3,38.08,kiri,,,,,,,,,,,,,,,,,,,,,,,,,
126.26,2.2,37.95,kiri,,,,,,,,,,,,,,,,,,,,,,,,,
128.21,1.28,34.17,kiri,,,,,,,,,,,,,,,,,,,,,,,,,
123.85,5.98,34.56,kiri,,,,,,,,,,,,,,,,,,,,,,,,,
125.59,5.92,35.45,kiri,,,,,,,,,,,,,,,,,,,,,,,,,
130.14,2.32,34.17,kiri,,,,,,,,,,,,,,,,,,,,,,,,,
125.37,5.16,35.66,kiri,,,,,,,,,,,,,,,,,,,,,,,,,
125.13,5.44,32.52,kiri,,,,,,,,,,,,,,,,,,,,,,,,,
126.38,3.15,34.17,kiri,,,,,,,,,,,,,,,,,,,,,,,,,
126.17,4.79,32.76,kiri,,,,,,,,,,,,,,,,,,,,,,,,,
125.95,4.21,33.1,kiri,,,,,,,,,,,,,,,,,,,,,,,,,
126.53,3.54,31.63,kiri,,,,,,,,,,,,,,,,,,,,,,,,,
125.47,5.16,32.37,kiri,,,,,,,,,,,,,,,,,,,,,,,,,
126.17,3.11,32.7,kiri,,,,,,,,,,,,,,,,,,,,,,,,,
125.59,3.21,33.74,kiri,,,,,,,,,,,,,,,,,,,,,,,,,
126.56,2.81,32.4,kiri,,,,,,,,,,,,,,,,,,,,,,,,,
125.74,2.9,31.3,kiri,,,,,,,,,,,,,,,,,,,,,,,,,
124.85,4.03,32.61,kiri,,,,,,,,,,,,,,,,,,,,,,,,,
125.86,4.89,31.91,kiri,,,,,,,,,,,,,,,,,,,,,,,,,
125.47,2.72,33.04,kiri,,,,,,,,,,,,,,,,,,,,,,,,,
127.18,3.08,31.79,kiri,,,,,,,,,,,,,,,,,,,,,,,,,
126.5,2.9,32.89,kiri,,,,,,,,,,,,,,,,,,,,,,,,,
124.79,2.87,33.1,kiri,,,,,,,,,,,,,,,,,,,,,,,,,
126.9,3.42,32.46,kiri,,,,,,,,,,,,,,,,,,,,,,,,,
125.89,2.32,32.24,kiri,,,,,,,,,,,,,,,,,,,,,,,,,
125.92,3.57,32.4,kiri,,,,,,,,,,,,,,,,,,,,,,,,,
128.73,3.94,32,kiri,,,,,,,,,,,,,,,,,,,,,,,,,
124.64,3.02,35.33,kiri,,,,,,,,,,,,,,,,,,,,,,,,,
124.09,2.87,36.18,kiri,,,,,,,,,,,,,,,,,,,,,,,,,
125.19,1.59,37.04,kiri,,,,,,,,,,,,,,,,,,,,,,,,,
123.39,1.83,35.88,kiri,,,,,,,,,,,,,,,,,,,,,,,,,
124.43,-0.98,36.82,kiri,,,,,,,,,,,,,,,,,,,,,,,,,
127.54,2.32,33.71,kiri,,,,,,,,,,,,,,,,,,,,,,,,,
122.47,-0.64,35.39,kiri,,,,,,,,,,,,,,,,,,,,,,,,,
126.9,-2.47,32.58,kiri,,,,,,,,,,,,,,,,,,,,,,,,,
126.84,-1.04,30.81,kiri,,,,,,,,,,,,,,,,,,,,,,,,,
126.75,-1.34,32.18,kiri,,,,,,,,,,,,,,,,,,,,,,,,,
126.23,-2.93,32.92,kiri,,,,,,,,,,,,,,,,,,,,,,,,,
127.11,-0.89,32.76,kiri,,,,,,,,,,,,,,,,,,,,,,,,,
124.43,-1.07,33.1,kiri,,,,,,,,,,,,,,,,,,,,,,,,,
126.05,-0.34,31.24,kiri,,,,,,,,,,,,,,,,,,,,,,,,,
126.47,-1.83,30.99,kiri,,,,,,,,,,,,,,,,,,,,,,,,,
125.01,0.89,31.82,kiri,,,,,,,,,,,,,,,,,,,,,,,,,
124.52,1.37,35.79,kiri,,,,,,,,,,,,,,,,,,,,,,,,,
127.54,-0.21,33.89,kiri,,,,,,,,,,,,,,,,,,,,,,,,,
126.84,-0.31,31.91,kiri,,,,,,,,,,,,,,,,,,,,,,,,,
126.5,2.05,33.59,kiri,,,,,,,,,,,,,,,,,,,,,,,,,
126.08,-0.12,34.53,kiri,,,,,,,,,,,,,,,,,,,,,,,,,
125.5,-0.76,34.78,kiri,,,,,,,,,,,,,,,,,,,,,,,,,
128.73,1.13,31.69,kiri,,,,,,,,,,,,,,,,,,,,,,,,,
126.23,-0.31,33.37,kiri,,,,,,,,,,,,,,,,,,,,,,,,,
124.31,2.11,32.03,kiri,,,,,,,,,,,,,,,,,,,,,,,,,
124.89,2.66,34.08,kiri,,,,,,,,,,,,,,,,,,,,,,,,,
124.4,1.4,35.73,kiri,,,,,,,,,,,,,,,,,,,,,,,,,
127.08,-1.01,33.28,kiri,,,,,,,,,,,,,,,,,,,,,,,,,
126.63,-0.82,31.91,kiri,,,,,,,,,,,,,,,,,,,,,,,,,
127.73,0.98,30.75,kiri,,,,,,,,,,,,,,,,,,,,,,,,,
127.63,1.19,30.81,kiri,,,,,,,,,,,,,,,,,,,,,,,,,
126.87,-1.92,30.93,kiri,,,,,,,,,,,,,,,,,,,,,,,,,
127.33,-0.31,30.6,kiri,,,,,,,,,,,,,,,,,,,,,,,,,
126.38,-0.18,31.69,kiri,,,,,,,,,,,,,,,,,,,,,,,,,
128.03,-0.49,28.06,kiri,,,,,,,,,,,,,,,,,,,,,,,,,
127.51,0.85,30.02,kiri,,,,,,,,,,,,,,,,,,,,,,,,,
126.87,0.34,30.87,kiri,,,,,,,,,,,,,,,,,,,,,,,,,
127.88,-1.59,25.56,kiri,,,,,,,,,,,,,,,,,,,,,,,,,
129.1,-0.64,27.15,kiri,,,,,,,,,,,,,,,,,,,,,,,,,
128.06,-3.02,24.15,kiri,,,,,,,,,,,,,,,,,,,,,,,,,
129.25,-5.4,24.24,kiri,,,,,,,,,,,,,,,,,,,,,,,,,
127.69,-2.81,25.56,kiri,,,,,,,,,,,,,,,,,,,,,,,,,
129.1,-2.99,24.03,kiri,,,,,,,,,,,,,,,,,,,,,,,,,
127.15,-1.07,25.74,kiri,,,,,,,,,,,,,,,,,,,,,,,,,
127.97,-3.6,25.1,kiri,,,,,,,,,,,,,,,,,,,,,,,,,
128.76,-1.53,23.15,kiri,,,,,,,,,,,,,,,,,,,,,,,,,
126.38,-3.36,26.87,kiri,,,,,,,,,,,,,,,,,,,,,,,,,
126.81,-0.61,26.72,kiri,,,,,,,,,,,,,,,,,,,,,,,,,
127.24,-0.52,28.34,kiri,,,,,,,,,,,,,,,,,,,,,,,,,
127.51,-1.01,26.23,kiri,,,,,,,,,,,,,,,,,,,,,,,,,
128.98,-1.28,26.23,kiri,,,,,,,,,,,,,,,,,,,,,,,,,
127.79,0.09,23.91,kiri,,,,,,,,,,,,,,,,,,,,,,,,,
128.34,-0.79,24.7,kiri,,,,,,,,,,,,,,,,,,,,,,,,,
128.34,-0.89,25.04,kiri,,,,,,,,,,,,,,,,,,,,,,,,,
127.05,-1.04,26.08,kiri,,,,,,,,,,,,,,,,,,,,,,,,,
128.58,-1.22,25.53,kiri,,,,,,,,,,,,,,,,,,,,,,,,,
128.4,-0.55,25.28,kiri,,,,,,,,,,,,,,,,,,,,,,,,,
128.76,-0.95,24.43,kiri,,,,,,,,,,,,,,,,,,,,,,,,,
128.15,0.27,24.67,kiri,,,,,,,,,,,,,,,,,,,,,,,,,
129.22,-1.13,24.27,kiri,,,,,,,,,,,,,,,,,,,,,,,,,
128.34,-0.49,24.49,kiri,,,,,,,,,,,,,,,,,,,,,,,,,
128.52,-0.76,25.65,kiri,,,,,,,,,,,,,,,,,,,,,,,,,
128,-0.79,25.1,kiri,,,,,,,,,,,,,,,,,,,,,,,,,
127.45,0.24,23.97,kiri,,,,,,,,,,,,,,,,,,,,,,,,,
128,-1.28,24.52,kiri,,,,,,,,,,,,,,,,,,,,,,,,,
127.6,-0.37,24.98,kiri,,,,,,,,,,,,,,,,,,,,,,,,,
128,0.15,25.71,kiri,,,,,,,,,,,,,,,,,,,,,,,,,
127.94,0.79,24.76,kiri,,,,,,,,,,,,,,,,,,,,,,,,,
127.97,1.25,24.58,kiri,,,,,,,,,,,,,,,,,,,,,,,,,
128.15,-0.82,24.49,kiri,,,,,,,,,,,,,,,,,,,,,,,,,
127.48,-0.73,25.04,kiri,,,,,,,,,,,,,,,,,,,,,,,,,
-117.53,7.69,-9.13,kanan,,,,,,,,,,,,,,,,,,,,,,,,,
-118.63,8.85,-6.87,kanan,,,,,,,,,,,,,,,,,,,,,,,,,
-118.87,6.96,-8.76,kanan,,,,,,,,,,,,,,,,,,,,,,,,,
-118.14,6.53,-7.66,kanan,,,,,,,,,,,,,,,,,,,,,,,,,
-118.14,9.16,-6.44,kanan,,,,,,,,,,,,,,,,,,,,,,,,,
-117.44,7.36,-9.22,kanan,,,,,,,,,,,,,,,,,,,,,,,,,
-119.36,8.7,-7.79,kanan,,,,,,,,,,,,,,,,,,,,,,,,,
-117.83,8.55,-8.12,kanan,,,,,,,,,,,,,,,,,,,,,,,,,
-117.47,4.58,-7.79,kanan,,,,,,,,,,,,,,,,,,,,,,,,,
-119.36,11.18,-8.12,kanan,,,,,,,,,,,,,,,,,,,,,,,,,
-118.9,8.49,-6.14,kanan,,,,,,,,,,,,,,,,,,,,,,,,,
-117.01,6.41,-9.98,kanan,,,,,,,,,,,,,,,,,,,,,,,,,
-120.15,8.4,-9.62,kanan,,,,,,,,,,,,,,,,,,,,,,,,,
-117.62,6.72,-10.32,kanan,,,,,,,,,,,,,,,,,,,,,,,,,
-116.49,9.77,-9.34,kanan,,,,,,,,,,,,,,,,,,,,,,,,,
-120.27,8.06,-8.4,kanan,,,,,,,,,,,,,,,,,,,,,,,,,
-118.41,6.87,-10.81,kanan,,,,,,,,,,,,,,,,,,,,,,,,,
-114.72,8.82,-7.15,kanan,,,,,,,,,,,,,,,,,,,,,,,,,
-117.22,8.79,-4.95,kanan,,,,,,,,,,,,,,,,,,,,,,,,,
-119.42,4.7,-13.34,kanan,,,,,,,,,,,,,,,,,,,,,,,,,
-115.66,10.9,-10.02,kanan,,,,,,,,,,,,,,,,,,,,,,,,,
-117.68,10.29,-0.12,kanan,,,,,,,,,,,,,,,,,,,,,,,,,
-118.78,5.71,-11.91,kanan,,,,,,,,,,,,,,,,,,,,,,,,,
-117.25,9.98,-8.61,kanan,,,,,,,,,,,,,,,,,,,,,,,,,
-116.73,8.64,-2.47,kanan,,,,,,,,,,,,,,,,,,,,,,,,,
-119.48,5.22,-11.57,kanan,,,,,,,,,,,,,,,,,,,,,,,,,
-117.83,12.31,-7.82,kanan,,,,,,,,,,,,,,,,,,,,,,,,,
-117.56,8.24,-3.48,kanan,,,,,,,,,,,,,,,,,,,,,,,,,
-119.69,7.02,-10.84,kanan,,,,,,,,,,,,,,,,,,,,,,,,,
-117.71,11.51,-7.73,kanan,,,,,,,,,,,,,,,,,,,,,,,,,
-116.95,11.3,-3.3,kanan,,,,,,,,,,,,,,,,,,,,,,,,,
-120.24,7.11,-10.6,kanan,,,,,,,,,,,,,,,,,,,,,,,,,
-117.68,12.43,-8.98,kanan,,,,,,,,,,,,,,,,,,,,,,,,,
-116.61,10.14,-1.92,kanan,,,,,,,,,,,,,,,,,,,,,,,,,
-120.79,7.6,-8.4,kanan,,,,,,,,,,,,,,,,,,,,,,,,,
-117.37,12.58,-9.34,kanan,,,,,,,,,,,,,,,,,,,,,,,,,
-117.34,10.5,-2.2,kanan,,,,,,,,,,,,,,,,,,,,,,,,,
-118.5,4.85,-4.92,kanan,,,,,,,,,,,,,,,,,,,,,,,,,
-118.38,13.31,-14.08,kanan,,,,,,,,,,,,,,,,,,,,,,,,,
-117.8,9.1,-2.2,kanan,,,,,,,,,,,,,,,,,,,,,,,,,
-118.72,6.11,-7.6,kanan,,,,,,,,,,,,,,,,,,,,,,,,,
-117.13,11.82,-12.21,kanan,,,,,,,,,,,,,,,,,,,,,,,,,
-118.35,8.49,-1.89,kanan,,,,,,,,,,,,,,,,,,,,,,,,,
-117.4,2.93,-7.11,kanan,,,,,,,,,,,,,,,,,,,,,,,,,
-117.74,9.56,-14.47,kanan,,,,,,,,,,,,,,,,,,,,,,,,,
-118.23,8.98,-4.06,kanan,,,,,,,,,,,,,,,,,,,,,,,,,
-120.58,7.21,-9.74,kanan,,,,,,,,,,,,,,,,,,,,,,,,,
-117.56,14.08,-9.62,kanan,,,,,,,,,,,,,,,,,,,,,,,,,
-118.41,10.05,1.34,kanan,,,,,,,,,,,,,,,,,,,,,,,,,
-119.36,8.46,-8.79,kanan,,,,,,,,,,,,,,,,,,,,,,,,,
-115.39,11.94,-8.67,kanan,,,,,,,,,,,,,,,,,,,,,,,,,
-119.76,10.05,1.28,kanan,,,,,,,,,,,,,,,,,,,,,,,,,
-121.44,10.72,-8.67,kanan,,,,,,,,,,,,,,,,,,,,,,,,,
-116.67,12.95,-7.54,kanan,,,,,,,,,,,,,,,,,,,,,,,,,
-117.25,8.55,-1.28,kanan,,,,,,,,,,,,,,,,,,,,,,,,,
-120.79,8.31,-9.71,kanan,,,,,,,,,,,,,,,,,,,,,,,,,
-116.7,13.98,-8.82,kanan,,,,,,,,,,,,,,,,,,,,,,,,,
-119.24,10.99,-3.76,kanan,,,,,,,,,,,,,,,,,,,,,,,,,
-121.19,6.96,-9.16,kanan,,,,,,,,,,,,,,,,,,,,,,,,,
-117.44,12.18,-9.74,kanan,,,,,,,,,,,,,,,,,,,,,,,,,
-116.61,7.79,-0.79,kanan,,,,,,,,,,,,,,,,,,,,,,,,,
-120.24,9.56,-6.38,kanan,,,,,,,,,,,,,,,,,,,,,,,,,
-117.53,10.81,-4.34,kanan,,,,,,,,,,,,,,,,,,,,,,,,,
-115.97,4.27,2.81,kanan,,,,,,,,,,,,,,,,,,,,,,,,,
-119.76,9.16,-1.86,kanan,,,,,,,,,,,,,,,,,,,,,,,,,
-116,8.18,-1.37,kanan,,,,,,,,,,,,,,,,,,,,,,,,,
-121.04,7.97,-5.77,kanan,,,,,,,,,,,,,,,,,,,,,,,,,
-118.72,7.85,-1.65,kanan,,,,,,,,,,,,,,,,,,,,,,,,,
-118.47,9.68,-0.64,kanan,,,,,,,,,,,,,,,,,,,,,,,,,
-121.07,9.95,-11.6,kanan,,,,,,,,,,,,,,,,,,,,,,,,,
-118.5,5.71,-2.72,kanan,,,,,,,,,,,,,,,,,,,,,,,,,
-115.21,4.95,-5.01,kanan,,,,,,,,,,,,,,,,,,,,,,,,,
-120.24,12.4,-12.27,kanan,,,,,,,,,,,,,,,,,,,,,,,,,
-118.35,7.39,-0.64,kanan,,,,,,,,,,,,,,,,,,,,,,,,,
-119.36,6.72,-6.11,kanan,,,,,,,,,,,,,,,,,,,,,,,,,
-116.12,13.01,-8.79,kanan,,,,,,,,,,,,,,,,,,,,,,,,,
-120.18,9.68,0.49,kanan,,,,,,,,,,,,,,,,,,,,,,,,,
-120.12,10.66,-7.94,kanan,,,,,,,,,,,,,,,,,,,,,,,,,
-116.82,12.49,-6.93,kanan,,,,,,,,,,,,,,,,,,,,,,,,,
-120.4,8.79,0.7,kanan,,,,,,,,,,,,,,,,,,,,,,,,,
-119.82,9.71,-7.6,kanan,,,,,,,,,,,,,,,,,,,,,,,,,
-115.6,12.55,-8.12,kanan,,,,,,,,,,,,,,,,,,,,,,,,,
-120.03,7.88,1.13,kanan,,,,,,,,,,,,,,,,,,,,,,,,,
-122.14,10.6,-5.47,kanan,,,,,,,,,,,,,,,,,,,,,,,,,
-117.92,12.46,-7.97,kanan,,,,,,,,,,,,,,,,,,,,,,,,,
-120.46,10.56,-3.42,kanan,,,,,,,,,,,,,,,,,,,,,,,,,
-120.64,9.89,-6.84,kanan,,,,,,,,,,,,,,,,,,,,,,,,,
-117.62,11.66,-4.31,kanan,,,,,,,,,,,,,,,,,,,,,,,,,
-117.31,6.78,3.79,kanan,,,,,,,,,,,,,,,,,,,,,,,,,
-118.35,7.33,-6.96,kanan,,,,,,,,,,,,,,,,,,,,,,,,,
-119.27,12.92,-2.41,kanan,,,,,,,,,,,,,,,,,,,,,,,,,
-114.69,1.68,1.8,kanan,,,,,,,,,,,,,,,,,,,,,,,,,
-117.07,7.45,-10.02,kanan,,,,,,,,,,,,,,,,,,,,,,,,,
-116.31,6.41,0.03,kanan,,,,,,,,,,,,,,,,,,,,,,,,,
-122.53,7.66,-0.52,kanan,,,,,,,,,,,,,,,,,,,,,,,,,
-119.73,7.3,-8.89,kanan,,,,,,,,,,,,,,,,,,,,,,,,,
-116.15,5.65,-5.71,kanan,,,,,,,,,,,,,,,,,,,,,,,,,
-122.9,5.53,-4.15,kanan,,,,,,,,,,,,,,,,,,,,,,,,,
-118.56,4.46,-8.18,kanan,,,,,,,,,,,,,,,,,,,,,,,,,
-115.15,5.4,-5.28,kanan,,,,,,,,,,,,,,,,,,,,,,,,,
-123.18,6.44,-10.29,kanan,,,,,,,,,,,,,,,,,,,,,,,,,
-118.26,3.88,-6.11,kanan,,,,,,,,,,,,,,,,,,,,,,,,,
-116.15,3.66,-11.45,kanan,,,,,,,,,,,,,,,,,,,,,,,,,
-118.47,9.25,-13.16,kanan,,,,,,,,,,,,,,,,,,,,,,,,,
-119.18,6.29,-4.49,kanan,,,,,,,,,,,,,,,,,,,,,,,,,
-119.21,8.73,-7.69,kanan,,,,,,,,,,,,,,,,,,,,,,,,,
-117.83,9.31,-9.62,kanan,,,,,,,,,,,,,,,,,,,,,,,,,
-120.03,8.89,-5.37,kanan,,,,,,,,,,,,,,,,,,,,,,,,,
-118.72,9.22,-10.02,kanan,,,,,,,,,,,,,,,,,,,,,,,,,
-118.69,10.96,-6.26,kanan,,,,,,,,,,,,,,,,,,,,,,,,,
-119.42,8.34,-5.65,kanan,,,,,,,,,,,,,,,,,,,,,,,,,
-119.73,5.71,-9.59,kanan,,,,,,,,,,,,,,,,,,,,,,,,,
-117.22,14.14,-2.9,kanan,,,,,,,,,,,,,,,,,,,,,,,,,
-119.02,7.91,0.58,kanan,,,,,,,,,,,,,,,,,,,,,,,,,
-117.62,5.5,-10.17,kanan,,,,,,,,,,,,,,,,,,,,,,,,,
-117.68,11.79,0.95,kanan,,,,,,,,,,,,,,,,,,,,,,,,,
-116.34,-0.06,3.57,kanan,,,,,,,,,,,,,,,,,,,,,,,,,
-119.63,6.69,-4.55,kanan,,,,,,,,,,,,,,,,,,,,,,,,,
-118.32,7.54,-0.43,kanan,,,,,,,,,,,,,,,,,,,,,,,,,
-116.21,0.43,4.09,kanan,,,,,,,,,,,,,,,,,,,,,,,,,
-118.63,6.66,-4.03,kanan,,,,,,,,,,,,,,,,,,,,,,,,,
-117.56,12.89,1.8,kanan,,,,,,,,,,,,,,,,,,,,,,,,,
-115.27,2.84,7.88,kanan,,,,,,,,,,,,,,,,,,,,,,,,,
-120.12,2.56,-11.51,kanan,,,,,,,,,,,,,,,,,,,,,,,,,
-116.98,7.36,-0.98,kanan,,,,,,,,,,,,,,,,,,,,,,,,,
-120.4,6.5,1.65,kanan,,,,,,,,,,,,,,,,,,,,,,,,,
-119.33,3.57,-1.04,kanan,,,,,,,,,,,,,,,,,,,,,,,,,
-116.52,9.07,1.34,kanan,,,,,,,,,,,,,,,,,,,,,,,,,
-124.09,9.47,-1.22,kanan,,,,,,,,,,,,,,,,,,,,,,,,,
-116.15,-1.1,-8.76,kanan,,,,,,,,,,,,,,,,,,,,,,,,,
-115.51,5.59,-1.71,kanan,,,,,,,,,,,,,,,,,,,,,,,,,
-123.36,9.34,-8.09,kanan,,,,,,,,,,,,,,,,,,,,,,,,,
-118.53,2.17,-5.59,kanan,,,,,,,,,,,,,,,,,,,,,,,,,
-118.29,2.6,-8.49,kanan,,,,,,,,,,,,,,,,,,,,,,,,,
-120.4,9.4,-12.31,kanan,,,,,,,,,,,,,,,,,,,,,,,,,
-118.38,1.65,-5.98,kanan,,,,,,,,,,,,,,,,,,,,,,,,,
-119.39,3.02,-12.43,kanan,,,,,,,,,,,,,,,,,,,,,,,,,
-115.54,9.98,-9.34,kanan,,,,,,,,,,,,,,,,,,,,,,,,,
-120.49,5.53,-4.64,kanan,,,,,,,,,,,,,,,,,,,,,,,,,
-119.42,4.21,-13.53,kanan,,,,,,,,,,,,,,,,,,,,,,,,,
-117.31,12.89,-6.84,kanan,,,,,,,,,,,,,,,,,,,,,,,,,
